{
  "encoding": "rung3",
  "max_features": 16,
  "k_selected": 16,
  "feature_ids": [
    1794,
    4268,
    4565,
    4809,
    9481,
    9576,
    10658,
    12421,
    13299,
    14176,
    14387,
    16384,
    19321,
    19615,
    22214,
    23726
  ],
  "fixture": "scratch/real-sae/blocks.10.hook_resid_pre/sae_weights.safetensors",
  "selection_method": "top_cosine_cluster",
  "assign_amp_knobs": true,
  "assign_phase_knobs": false,
  "gram_squared_mod_max_off_diagonal": 0.9999999926713714,
  "gram_squared_mod_mean_off_diagonal": 0.5621665952412817,
  "gram_squared_mod_frobenius_off_diagonal": 2.583972643918533,
  "gram_squared_mod_lambda_min": -7.301644714332185e-16,
  "gram_squared_mod_lambda_max": 10.60228606339956,
  "gram_squared_mod_condition_number": Infinity
}