{
  "schema": "rung4_rank_verification.v1",
  "math_precheck": {
    "mps_subspace_dim": 8,
    "amp_subspace_dim": 4,
    "predicted_rung4_max_rank": 32
  },
  "sizes": [
    4,
    8,
    16,
    24,
    32,
    40
  ],
  "runs": {
    "rung4_seed0": {
      "seed": 0,
      "rows": [
        {
          "n": 4,
          "rank_1e_12": 4,
          "rank_1e_9": 4,
          "rank_1e_6": 4,
          "sigma_max": 1.4841146078359393,
          "sigma_min_nonzero": 0.5148813424597054,
          "sigma_min": 0.5148813424597054,
          "singular_values": [
            1.4841146078359393,
            1.0435433585075757,
            0.9574606911967792,
            0.5148813424597054
          ]
        },
        {
          "n": 8,
          "rank_1e_12": 8,
          "rank_1e_9": 8,
          "rank_1e_6": 8,
          "sigma_max": 1.794623723691895,
          "sigma_min_nonzero": 0.41449088197259826,
          "sigma_min": 0.41449088197259826,
          "singular_values": [
            1.794623723691895,
            1.453626738097003,
            1.0878247865217234,
            1.019478401259575,
            0.9364799419460875,
            0.7332370344399292,
            0.5602384920711883,
            0.41449088197259826
          ]
        },
        {
          "n": 16,
          "rank_1e_12": 16,
          "rank_1e_9": 16,
          "rank_1e_6": 16,
          "sigma_max": 2.8683270136982877,
          "sigma_min_nonzero": 0.10932194960681481,
          "sigma_min": 0.10932194960681481,
          "singular_values": [
            2.8683270136982877,
            2.0806734005386764,
            1.920792635967221,
            1.5028070816251264,
            1.394418180660452,
            1.2796096562839212,
            1.0695366171572482,
            0.9751882463070874,
            0.6650544817427334,
            0.610289453445938,
            0.4432242614896112,
            0.3719063705801471,
            0.2849728296278832,
            0.22511575674776432,
            0.19876206452108766,
            0.10932194960681481
          ]
        },
        {
          "n": 24,
          "rank_1e_12": 24,
          "rank_1e_9": 24,
          "rank_1e_6": 24,
          "sigma_max": 3.159881635040296,
          "sigma_min_nonzero": 0.020888743855386225,
          "sigma_min": 0.020888743855386225,
          "singular_values": [
            3.159881635040296,
            2.4402540150130627,
            2.292879513186874,
            2.056417823492183,
            1.9045237440879597,
            1.7212896775936433,
            1.4482121806423844,
            1.3675217404607594,
            1.2384195513086207,
            1.1095789888600267,
            0.911872453988213,
            0.785647494080536,
            0.6899004009101367,
            0.6559380241603141,
            0.5367729304593086,
            0.41744072196921717,
            0.3348914985730781,
            0.2938632689448723,
            0.2508425372749478,
            0.15272300470927266,
            0.100566470528445,
            0.07003569343012364,
            0.03963788743034006,
            0.020888743855386225
          ]
        },
        {
          "n": 32,
          "rank_1e_12": 32,
          "rank_1e_9": 32,
          "rank_1e_6": 32,
          "sigma_max": 3.6480949925946975,
          "sigma_min_nonzero": 0.0003542687770916156,
          "sigma_min": 0.0003542687770916156,
          "singular_values": [
            3.6480949925946975,
            2.74755406756424,
            2.590765175885027,
            2.379896560889155,
            2.235201857839,
            2.1255501921374673,
            1.9674749009485955,
            1.8172919808832144,
            1.6507400376154833,
            1.4494582233137345,
            1.3098042569770199,
            1.2237541681271655,
            1.0455553759821612,
            0.9190638944292412,
            0.809943347113571,
            0.7569592428856408,
            0.6775104520701057,
            0.6110747748244795,
            0.46718022132444625,
            0.3966428534082347,
            0.2870080215198042,
            0.25548041143233835,
            0.21151126980488147,
            0.14647048776570495,
            0.12489130395197678,
            0.06603183097934229,
            0.040814152189492685,
            0.020125388909728686,
            0.012175791090190286,
            0.004387018780967911,
            0.0012334779857962825,
            0.0003542687770916156
          ]
        },
        {
          "n": 40,
          "rank_1e_12": 32,
          "rank_1e_9": 32,
          "rank_1e_6": 32,
          "sigma_max": 4.278359274960756,
          "sigma_min_nonzero": 0.011062705351346654,
          "sigma_min": 1.7501136928655804e-17,
          "singular_values": [
            4.278359274960756,
            3.386606762388706,
            3.1674751500459988,
            2.833605210741141,
            2.5857909460530895,
            2.3448304671900617,
            2.2885009575276256,
            2.1007356294556265,
            1.8450536391271757,
            1.7253781352700375,
            1.6292745490549316,
            1.534290481530476,
            1.2990050949415937,
            1.2462946209753087,
            1.0849050461067204,
            1.023761020547131,
            0.8431323840814214,
            0.8194250333877139,
            0.747726373635564,
            0.6515301453263487,
            0.5438916914863255,
            0.4413032323920189,
            0.37187904953120393,
            0.34492133911713607,
            0.2524893994444285,
            0.22331325031524019,
            0.13699037197562153,
            0.10623454447948688,
            0.0740190083086978,
            0.038581546795961055,
            0.01963293845510493,
            0.011062705351346654,
            4.0444701369542477e-16,
            3.0510285923632387e-16,
            2.6546951061505226e-16,
            2.3909057090213482e-16,
            1.8004526621825072e-16,
            1.4033858522739057e-16,
            6.667829301837853e-17,
            1.7501136928655804e-17
          ]
        }
      ]
    },
    "rung4_seed42": {
      "seed": 42,
      "rows": [
        {
          "n": 4,
          "rank_1e_12": 4,
          "rank_1e_9": 4,
          "rank_1e_6": 4,
          "sigma_max": 1.1567308782909547,
          "sigma_min_nonzero": 0.8085775149386056,
          "sigma_min": 0.8085775149386056,
          "singular_values": [
            1.1567308782909547,
            1.1179192586119193,
            0.9167723481585204,
            0.8085775149386056
          ]
        },
        {
          "n": 8,
          "rank_1e_12": 8,
          "rank_1e_9": 8,
          "rank_1e_6": 8,
          "sigma_max": 1.5891159444068719,
          "sigma_min_nonzero": 0.48054456758884734,
          "sigma_min": 0.48054456758884734,
          "singular_values": [
            1.5891159444068719,
            1.3094137308551688,
            1.1612057290857871,
            0.9970486167779431,
            0.9210519236164374,
            0.8614125559517293,
            0.6802069317172151,
            0.48054456758884734
          ]
        },
        {
          "n": 16,
          "rank_1e_12": 16,
          "rank_1e_9": 16,
          "rank_1e_6": 16,
          "sigma_max": 2.2777764144985726,
          "sigma_min_nonzero": 0.15050723508190658,
          "sigma_min": 0.15050723508190658,