{
  "encoding": "rung4",
  "max_features": 32,
  "k_selected": 32,
  "feature_ids": [
    1045,
    1794,
    2590,
    4192,
    4268,
    4565,
    4809,
    5052,
    5761,
    6183,
    6827,
    9481,
    9576,
    9622,
    10287,
    10658,
    12421,
    13299,
    14176,
    14277,
    14387,
    15845,
    16239,
    16384,
    16834,
    19321,
    19473,
    19615,
    22214,
    23127,
    23625,
    23726
  ],
  "fixture": "scratch/real-sae/blocks.10.hook_resid_pre/sae_weights.safetensors",
  "selection_method": "top_cosine_cluster",
  "assign_amp_knobs": true,
  "gram_squared_mod_max_off_diagonal": 0.9999999856229753,
  "gram_squared_mod_mean_off_diagonal": 0.3205688093337714,
  "gram_squared_mod_frobenius_off_diagonal": 2.34510427813196,
  "gram_squared_mod_lambda_min": 2.9268484434213297e-16,
  "gram_squared_mod_lambda_max": 12.296070678707952,
  "gram_squared_mod_condition_number": 4.201129958179352e+16
}