{
  "encoding": "rung4",
  "max_features": 32,
  "k_selected": 32,
  "feature_ids": [
    1045,
    1794,
    2590,
    4192,
    4268,
    4565,
    4809,
    5052,
    5761,
    6183,
    6827,
    9481,
    9576,
    9622,
    10287,
    10658,
    12421,
    13299,
    14176,
    14277,
    14387,
    15845,
    16239,
    16384,
    16834,
    19321,
    19473,
    19615,
    22214,
    23127,
    23625,
    23726
  ],
  "fixture": "scratch/real-sae/blocks.10.hook_resid_pre/sae_weights.safetensors",
  "selection_method": "top_cosine_cluster",
  "gram_squared_mod_max_off_diagonal": 0.9999999993683757,
  "gram_squared_mod_mean_off_diagonal": 0.8236014793373971,
  "gram_squared_mod_frobenius_off_diagonal": 4.718114366674918,
  "gram_squared_mod_lambda_min": -3.732179422823826e-15,
  "gram_squared_mod_lambda_max": 26.815218020952763,
  "gram_squared_mod_condition_number": Infinity
}